SiteName,Lat,Long,distance_to_shore_m,has_shorezone,MeanEncounterRate,TotalPycnoCount,DetectionRate,EXP_CLASS,BC_CLASS,ZOS_UNIT,NER_UNIT,FUC_UNIT,ZONECOMP,HAB_CALC,hab_Artificial_Reef,hab_Eelgrass,hab_Kelp_Forest,hab_Natural_Reef,hab_Soft_Bottom,hab_Sponge_Garden,TotalTransects,category
100 Foot Rock,47.851581,-122.337599,122.64122676759236,True,8.0,4.0,1.0,SP,25.0, , ,P,A1 B1 B2 C1,6.0,0.0,0.0,0.0,1.0,0.0,0.0,1.0,matched
Admiralty Beach,48.163471,-122.641196,27.27238111912056,True,0.0,0.0,0.0,SP,25.0, , , ,A1 B1 C1,6.0,0.0,0.0,0.0,0.0,1.0,0.0,2.0,matched
"Agate Beach, Lopez Is",48.430088,-122.877564,39.85452607058427,True,,,,SP,24.0,P, , ,A1 A2 B1 B2 C1,6.0,,,,,,,,matched
Alki - Cove 1,47.587448,-122.377732,25.263255914427084,True,,,,SP,32.0, , ,P,A1 B1 B2 C1,6.0,,,,,,,,matched
Alki - Cove 2,47.588746,-122.379068,48.92062300898837,True,0.2052785923753665,14.0,0.010752688172043,SP,32.0, , ,P,A1 B1 B2 C1,6.0,0.9032258064516129,0.0,0.0,0.0,0.0967741935483871,0.0,93.0,matched
Alki - Cove 3,47.590072,-122.380864,58.11374409638518,True,,,,SP,32.0, , ,P,A1 B1 B2 C1,6.0,,,,,,,,matched
Alki - Pipeline,47.570966,-122.414476,154.5122395327346,True,,,,SP,24.0,P, , ,A1 B1 B2 C1,6.0,,,,,,,,matched
Alki Beach,47.580873,-122.410246,126.47798397092475,True,2.0,1.0,0.2,SP,27.0,C, , ,A1 B1 B2 C1,9.0,0.2,0.4,0.0,0.0,0.4,0.0,5.0,matched
Andy's Marine Park,47.146157,-122.734328,92.47910608793164,True,,,,P,28.0, , , ,A1 A2 B1 B2 C1,8.0,,,,,,,,matched
Bachelor Rock,48.151033,-123.636306,5.667704052697165,True,4.434782608695652,4.0,1.0,SE,8.0,P,P,P,A1 B1 C1,3.0,0.0,0.0,0.0,0.6666666666666666,0.3333333333333333,0.0,3.0,matched
Bayrich Bay,48.580844,-122.999077,99.49470190216456,True,,,,P,28.0,P, ,P,A1 B1 B2 C1,8.0,,,,,,,,matched
Bell Island East,48.596069,-122.979414,36.37342329540748,True,0.0,0.0,0.0,SP,4.0, ,C,P,A1 B1 C1,4.0,0.0,0.0,0.0,1.0,0.0,0.0,65.0,matched
Bell Island West,48.59602,-122.981588,5.23527300315205,True,0.0,0.0,0.0,SP,4.0, ,C,P,A1 B1 C1,4.0,0.0,0.0,0.022727272727272728,0.9772727272727273,0.0,0.0,44.0,matched
Beverly Beach,48.060481,-122.514991,93.23588331109144,True,38.83238175950108,611.0,0.8941176470588236,P,30.0,C, ,P,A1 B1 B2 C1,8.0,0.0,0.23529411764705882,0.0,0.0,0.7647058823529411,0.0,85.0,matched
Blake Island South,47.53175,-122.49747,60.97172844795811,True,,,,P,25.0,P, ,P,A1 B1 B2 C1,7.0,,,,,,,,matched
Blakely Harbor Reef,47.596591,-122.498623,30.113130338391866,True,0.0,0.0,0.0,SP,13.0, , ,P,A1 B1 C1,4.0,0.0,0.0,0.0,1.0,0.0,0.0,1.0,matched
"Blakely Harbor, North",47.5945,-122.4801,932.6691123867312,True,,,,SP,16.0, , ,P,A1 B1 B2 C1,4.0,,,,,,,,matched
Broken Point Cove Shaw,48.591285,-122.969294,61.288749662744266,True,,,,P,28.0,C, , ,A1 B1 C1,8.0,,,,,,,,matched
Broken Point East,48.594083,-122.965431,39.4566619294044,True,0.0,0.0,0.0,P,5.0,P, ,C,A1 B1 C1,5.0,0.0,0.0,0.0,1.0,0.0,0.0,14.0,matched
Broken Point West,48.594669,-122.967602,20.57227752266964,True,0.0,0.0,0.0,P,5.0,P, ,C,A1 B1 C1,5.0,0.0,0.0,0.0,1.0,0.0,0.0,49.0,matched
Burrows Lighthouse,48.47773,-122.71458,76.71192343819082,True,,,,SE,4.0, ,C,P,A1 B1 C1,3.0,,,,,,,,matched
Camano Head,48.053302,-122.358319,242.53863915435343,True,0.0,0.0,0.0,P,25.0,P, , ,A1 B1 B2 C1,7.0,0.0,0.0,0.0,0.6,0.4,0.0,5.0,matched
Camano Island State Park,48.129063,-122.504218,114.06824454045942,True,,,,P,25.0,C, , ,A1 A2 B1 B2 C1,7.0,,,,,,,,matched
Camp Casey,48.1616,-122.684334,107.74303131511635,True,,,,SE,25.0, ,P, ,A1 A2 B1 B2 C1,9.0,,,,,,,,matched
Canoe Pass,48.408773,-122.645138,27.42745831930229,True,0.0,0.0,0.0,P,3.0, , , ,A1 B1 C1,5.0,0.0,0.0,0.0,1.0,0.0,0.0,3.0,matched
Chupp Point,48.938125,-125.304601,73268.70200982652,False,,,,,,,,,,,,,,,,,,outside_shorezone_extent
Crosse Point,48.917407,-125.250444,69152.56618549241,False,,,,,,,,,,,,,,,,,,outside_shorezone_extent
Dalco Shallows,47.33373,-122.518971,8.924509385111929,True,,,,SP,25.0, ,C, ,A1 B1 B2 C1,6.0,,,,,,,,matched
Dash Point State Park,47.323263,-122.412404,266.4571314190805,True,,,,SP,28.0,P, , ,A1 B1 C1,9.0,,,,,,,,matched
Day Island Kelp,47.2373,-122.563345,50.45323918630088,True,,,,SP,25.0, ,C,P,A1 B1 B2 C1,9.0,,,,,,,,matched
Day Island Wall,47.241984,-122.564551,62.37413892847376,True,0.0,0.0,0.0,SP,25.0, ,C,P,A1 B1 B2 C1,9.0,0.0,0.0,0.07142857142857142,0.5714285714285714,0.35714285714285715,0.0,14.0,matched
Day Island Wall - North,47.242693,-122.565324,126.7943600732256,True,0.0,0.0,0.0,SP,25.0, ,C,P,A1 B1 B2 C1,9.0,0.0,0.0,0.0,0.0,1.0,0.0,1.0,matched
Day Island Wall - South,47.240821,-122.56565,131.99838250980935,True,,,,SP,25.0, ,C,P,A1 B1 B2 C1,9.0,,,,,,,,matched
Deadmans Bay,48.512846,-123.147129,63.69155481996855,True,,,,SE,7.0, ,C,P,A1 B1 B2 C1,3.0,,,,,,,,matched
Deception Pass,48.405541,-122.64517,8.43605938588775,True,0.0,0.0,0.0,P,3.0, , , ,A1 B1 C1,5.0,0.0,0.0,0.0,1.0,0.0,0.0,4.0,matched
Derelict Conveyor,48.855254,-122.730835,94.49948420078928,True,,,,SP,25.0, , , ,A1 B1 C1,6.0,,,,,,,,matched
Devils Head,47.167216,-122.76049,117.34743229661235,True,,,,P,30.0, , , ,A1 A2 B1 B2 C1,8.0,,,,,,,,matched
Dickman Mill,47.278304,-122.471,68.52873227950535,True,0.0,0.0,0.0,SP,32.0, , ,P,A1 B1 C1,4.0,0.8571428571428571,0.0,0.0,0.0,0.14285714285714285,0.0,7.0,matched
Driftwood Park,48.162897,-122.637203,84.72096133209575,True,0.2047697368421052,6.0,0.09375,SP,22.0, , , ,A1 A2 B1 C1,4.0,0.6875,0.0,0.0,0.0,0.3125,0.0,32.0,matched
Dune Peninsula Breakwater,47.306618,-122.508605,31.39854456472528,True,,,,SP,32.0, , ,P,A1 B1 C1,4.0,,,,,,,,matched
Eagle Point,48.458027,-123.036267,13.199317141456437,True,0.3415513264129181,5.0,0.0588235294117647,SE,4.0, ,P,P,A1 B1 C1,3.0,0.0,0.0,0.10294117647058823,0.8970588235294118,0.0,0.0,68.0,matched
Ebeys Landing,48.194185,-122.722828,259.0918864642086,True,,,,SE,25.0, ,C, ,A1 A2 B1 B2 C1,9.0,,,,,,,,matched
Edgewater Beach Park,47.952599,-122.290503,37.77029521066543,True,,,,P,32.0, , ,P,A1 B1 B2 C1,5.0,,,,,,,,matched
Ediz Hook Log Pile,48.141211,-123.436541,50.23644025896071,True,3.901852820431848,79.0,0.3928571428571428,P,24.0, , , ,A1 B1 B2 B3 B4 C1,7.0,0.5178571428571429,0.03571428571428571,0.0,0.19642857142857142,0.25,0.0,56.0,matched
Ediz Hook Rock Pile,48.139562,-123.415522,92.83819981926897,True,,,,P,32.0,P,P,P,A1 B1 B2 C1,5.0,,,,,,,,matched
Ediz Hook RockPile,48.140197,-123.422831,88.87553468958443,True,7.922914692145461,50.0,0.358974358974359,P,24.0, , , ,A1 B1 B2 B3 B4 C1,7.0,0.7435897435897436,0.15384615384615385,0.0,0.05128205128205128,0.05128205128205128,0.0,39.0,matched
Edmonds Pipeline,47.812146,-122.388686,106.293357167661,True,,,,SP,32.0, ,P,C,A1 B1 C1,4.0,,,,,,,,matched
Edmonds Underwater Park,47.815161,-122.382522,158.38079525367675,True,0.6513056835637481,6.0,0.032258064516129,SP,30.0, , , ,A1 B1 B2 C1,9.0,0.6129032258064516,0.20430107526881722,0.0,0.0,0.1827956989247312,0.0,93.0,matched
Edmonds Underwater Park Kelp,47.819549,-122.37838,158.935547259902,True,,,,SP,24.0, ,P,P,A1 B1 B2 B3 C1,6.0,,,,,,,,matched
Edmonds Underwater Park Pipeline,47.812101,-122.389429,113.3810642293962,True,0.1578947368421052,1.0,0.0263157894736842,SP,32.0, ,P,C,A1 B1 C1,4.0,0.8157894736842105,0.10526315789473684,0.0,0.0,0.07894736842105263,0.0,38.0,matched
Edmonds Underwater Park Shell Creek,47.819549,-122.37838,158.935547259902,True,,,,SP,24.0, ,P,P,A1 B1 B2 B3 C1,6.0,,,,,,,,matched
Elephant Wall,47.562416,-123.017743,58.02049178731129,True,0.0,0.0,0.0,P,14.0,P, ,P,A1 B1 C1,5.0,0.0,0.0,0.0,1.0,0.0,0.0,2.0,matched
Everett Pipeline,47.974814,-122.239548,778.3292594210194,True,,,,P,32.0, , , ,A1 B1 B2 C1,5.0,,,,,,,,matched
Flagpole Point,47.564755,-123.01436,79.9654082717861,True,4.334433773509404,36.0,0.2428571428571428,P,30.0, , ,P,A1 A2 B1 C1,8.0,0.0,0.0,0.0,0.7714285714285715,0.22857142857142856,0.0,70.0,matched
Flat Top Island,48.647176,-123.086428,15.151561702825523,True,,,,SP,3.0, , ,P,A1 B1 C1,4.0,,,,,,,,matched
Fort Worden,48.136638,-122.760193,115.08902650949857,True,0.1967213114754098,1.0,0.2,SP,27.0,P, , ,A1 B1 B2 B3 C1,9.0,0.4,0.0,0.0,0.0,0.6,0.0,5.0,matched
Foulweather Bluff,47.941083,-122.6012,227.63951332030507,True,0.0,0.0,0.0,SP,24.0, , , ,A1 B1 B2 C1,6.0,0.0,0.0,0.0,0.0,1.0,0.0,8.0,matched
Fox Island East Wall,47.228514,-122.589606,51.20950315045759,True,0.0,0.0,0.0,P,25.0, ,P,P,A1 A2 B1 C1,8.0,0.0,0.0,0.0,1.0,0.0,0.0,43.0,matched
Fox Island West Wall,47.239321,-122.632894,79.81404778334623,True,0.1235955056179775,2.0,0.0224719101123595,P,30.0,P, , ,A1 A2 B1 B2 C1,8.0,0.0,0.15730337078651685,0.0,0.5168539325842697,0.3258426966292135,0.0,89.0,matched
Freshwater Bay,48.15063,-123.636083,14.687854444200102,True,2.958133971291866,12.0,0.2727272727272727,SE,8.0,P,P,P,A1 B1 C1,3.0,0.0,0.13636363636363635,0.13636363636363635,0.6818181818181818,0.045454545454545456,0.0,22.0,matched
Friday Harbor Reef,48.549823,-123.005027,58.05745740299823,True,0.0,0.0,0.0,P,4.0, ,P,C,A1 B1 C1,5.0,0.0,0.0,0.0,1.0,0.0,0.0,30.0,matched
Fulton Creek,47.617983,-122.968183,100.07847592063231,True,3.271428571428572,5.0,0.75,SP,30.0,P, ,P,A1 A2 B1 C1,9.0,0.0,0.0,0.0,0.75,0.25,0.0,4.0,matched
Goby Garden,47.63058,-122.942265,133.33758319659154,True,4.615384615384616,2.0,1.0,P,9.0, , ,C,A1 B1 C1,5.0,0.0,0.0,0.0,1.0,0.0,0.0,1.0,matched
"Green Point, Spieden Island",48.633476,-123.126096,117.40237063488298,True,,,,SP,4.0, ,P,C,A1 B1 C1,4.0,,,,,,,,matched
Hat Island,48.005829,-122.300441,224.6535411530189,True,,,,P,25.0,P, , ,A1 B1 C1,7.0,,,,,,,,matched
Hat Island Ledge,48.007259,-122.298823,374.5322563505769,True,9.659090909090908,6.0,0.6666666666666666,P,25.0,P, , ,A1 B1 C1,7.0,0.0,0.3333333333333333,0.0,0.0,0.6666666666666666,0.0,6.0,matched
Hat Island Marina,48.020625,-122.321716,28.383793023073768,True,,,,P,32.0, , , ,A1 B1 B2 C1,5.0,,,,,,,,matched
Holmes Harbor,48.017692,-122.53879,229.58866793336355,True,25.589379533506857,301.0,0.6666666666666666,P,24.0,C, ,P,A1 B1 B2 C1,7.0,0.0,0.22916666666666666,0.0,0.0,0.7708333333333334,0.0,48.0,matched
Intake Tower/Between Owens and Boathouse,47.31032,-122.522841,50.25396811374892,True,,,,SP,25.0, ,P, ,A1 B1 B2 C1,6.0,,,,,,,,matched
"Jack Block, Seattle, Washington",47.583575,-122.371769,32.86518168332998,True,,,,SP,32.0, ,P,P,A1 B1 C1,4.0,,,,,,,,matched
Jack Hyde Park,47.275975,-122.463905,27.882652986179828,True,,,,SP,30.0, , , ,A1 B1 C1,9.0,,,,,,,,matched
Jefferson Head,47.74169406,-122.4868108,256.73592117639595,True,,,,SP,25.0,P, , ,A1 A2 B1 B2 C1,6.0,,,,,,,,matched
Jones Island,48.617667,-123.040383,24.54076370835011,True,0.4761904761904761,1.0,0.0555555555555555,P,9.0, , ,C,A1 B1 B2 C1,5.0,0.0,0.0,0.0,1.0,0.0,0.0,18.0,matched
Jorsted Creek,47.522325,-123.048584,195.40675245807137,True,1.077922077922078,3.0,0.2727272727272727,P,28.0,P, ,P,A1 A2 B1 B2 C1,8.0,0.0,0.0,0.0,0.9090909090909091,0.09090909090909091,0.0,11.0,matched
Kat's Corner,47.416943,-123.130313,89.74840116899227,True,0.0,0.0,0.0,P,30.0,P, ,P,A1 A2 B1 C1,8.0,0.0,0.0,0.0,0.8333333333333334,0.16666666666666666,0.0,6.0,matched
Kayen Point,48.941187,-125.272428,72247.9597751347,False,,,,,,,,,,,,,,,,,,outside_shorezone_extent
Ketron Island,47.167661,-122.63057,59.065299856689165,True,,,,SP,25.0, , , ,A1 B1 B2 C1,6.0,,,,,,,,matched
Kellet's Bluff,48.590498,-123.202768,24.10517989485022,True,0.0,0.0,0.0,SP,3.0, ,C,P,A1 B1 C1,4.0,0.0,0.0,0.23076923076923078,0.7692307692307693,0.0,0.0,13.0,matched
Keystone Jetty,48.156876,-122.67077,78.30639576887341,True,0.6004280065370106,26.0,0.0701754385964912,SP,25.0, , , ,A1 B1 C1,6.0,0.7807017543859649,0.0,0.0043859649122807015,0.039473684210526314,0.17543859649122806,0.0,228.0,matched
Keystone Jetty - Pilings,48.157998,-122.668452,48.35838529257613,True,0.0,0.0,0.0,SP,25.0, , , ,A1 B1 C1,6.0,1.0,0.0,0.0,0.0,0.0,0.0,3.0,matched
Keystone Jetty Preserve,48.162703,-122.630656,49.240749879475416,True,,,,SP,25.0, , , ,A1 B1 C1,6.0,,,,,,,,matched
Keystone Preserve,48.157389,-122.615111,29.51004788350803,True,,,,SP,25.0,C, , ,A1 B1 C1,6.0,,,,,,,,matched
Kopachuck State Park,47.31183,-122.688691,202.15732817868837,True,,,,SP,28.0, , , ,A1 B1 B2 C1,9.0,,,,,,,,matched
KVI Tower,47.420837,-122.429911,81.57658608048976,True,0.2076502732240437,2.0,0.0327868852459016,P,28.0,P, , ,A1 A2 B1 B2 C1,8.0,0.5573770491803278,0.14754098360655737,0.0,0.13114754098360656,0.16393442622950818,0.0,61.0,matched
Langley Marina,48.040016,-122.402694,164.51162937212578,True,,,,P,30.0,C, , ,A1 A2 B1 C1,8.0,,,,,,,,matched
Langley Tire Reef,48.03919,-122.402904,116.0224399492599,True,14.81692468691044,841.0,0.6084905660377359,P,30.0,C, , ,A1 A2 B1 C1,8.0,0.6179245283018868,0.014150943396226415,0.0,0.0,0.36792452830188677,0.0,212.0,matched
Larry's Lair,48.526141,-122.972398,7.130353460894404,True,0.0,0.0,0.0,P,3.0, , ,C,A1 B1 C1,5.0,0.0,0.16393442622950818,0.0,0.819672131147541,0.01639344262295082,0.0,61.0,matched
Les Davis Marine Park,47.2842,-122.48315,53.53471877087079,True,0.1052631578947368,1.0,0.0175438596491228,SP,32.0,P, ,P,A1 B1 B2 C1,4.0,0.19298245614035087,0.10526315789473684,0.0,0.21052631578947367,0.49122807017543857,0.0,57.0,matched
Les Davis Marine Park Pier,47.28328,-122.48148,54.23057922155281,True,,,,SP,32.0,P, ,P,A1 B1 B2 C1,4.0,,,,,,,,matched
Les Davis Marine Park Pipeline,47.284239,-122.480046,194.5221684362608,True,,,,SP,32.0,P, ,P,A1 B1 C1,4.0,,,,,,,,matched
Lime Kiln,48.515401,-123.152515,31.96125709379407,True,0.0,0.0,0.0,SP,4.0, ,C,P,A1 B1 C1,4.0,0.0,0.0,0.14285714285714285,0.8571428571428571,0.0,0.0,7.0,matched
Lincoln Park,47.536153,-122.397348,104.87786758046356,True,,,,SP,25.0, , , ,A1 B1 B2 C1,6.0,,,,,,,,matched
Lobster Shop Wall,47.288135,-122.489,72.6274054893807,True,0.0,0.0,0.0,SP,25.0,P, ,P,A1 B1 B2 C1,6.0,0.01818181818181818,0.16363636363636364,0.0,0.32727272727272727,0.4909090909090909,0.0,55.0,matched
Lowell Point,48.11942,-122.48704,184.06616260185817,True,,,,P,25.0,P, , ,A1 A2 B1 B2 C1,7.0,,,,,,,,matched
Magnolia,47.6302891,-122.3977342,174.46402390986464,True,,,,SP,24.0, ,C,P,A1 B1 B2 B3 C1,6.0,,,,,,,,matched
Marina Beach,47.804261,-122.396132,116.82998039919777,True,,,,SP,27.0,P, , ,A1 B1 B2 B3 C1,9.0,,,,,,,,matched
Maury Island Barges,47.362792,-122.439769,91.66940226875307,True,0.0,0.0,0.0,SP,24.0,P, , ,A1 B1 B2 C1,9.0,0.7857142857142857,0.07142857142857142,0.0,0.07142857142857142,0.07142857142857142,0.0,14.0,matched
McCracken Point,48.622574,-123.181997,165.5945606770204,True,,,,SP,19.0, ,P,C,A1 B1 B2 C1,4.0,,,,,,,,matched
McCurdy Point,48.138791,-122.844791,573.6707729795322,True,,,,SE,24.0, ,P, ,A1 B1 B2 B3 C1,9.0,,,,,,,,matched
Metridium Wall,47.596755,-122.495476,185.7799556822048,True,,,,P,25.0, , , ,A1 B1 B2 C1,7.0,,,,,,,,matched
Misery Point,47.660676,-122.833582,667.9293590768605,True,,,,SP,30.0,P, ,P,A1 B1 B2 C1,9.0,,,,,,,,matched
Mukilteo Edgewater Park,47.953937,-122.286161,92.46031039837138,True,,,,P,24.0,P, , ,A1 B1 B2 C1,7.0,,,,,,,,matched
Mukilteo Fuel Pier,47.951727,-122.292674,13.7884021836528,True,,,,P,32.0, , ,P,A1 B1 B2 C1,5.0,,,,,,,,matched
Mukilteo Lighthouse,47.94664,-122.309245,102.80707945005766,True,0.4932844932844933,5.0,0.0615384615384615,SP,25.0, , , ,A1 B1 B2 C1,6.0,0.0,0.18461538461538463,0.0,0.5384615384615384,0.27692307692307694,0.0,65.0,matched
Mukilteo T-Dock,47.950451,-122.299001,44.39592333225535,True,0.0763790664780763,2.0,0.0198019801980198,P,32.0, , ,P,A1 B1 C1,5.0,0.7920792079207921,0.0,0.0,0.0594059405940594,0.1485148514851485,0.0,101.0,matched
Narrows Bridge (Tacoma Side),47.263324,-122.548784,221.81898389593252,True,,,,P,25.0,P,P,P,A1 B1 C1,7.0,,,,,,,,matched
Narrows Bridge (Tacoma side),47.262832,-122.547991,144.59757065469833,True,,,,P,25.0,P,P,P,A1 B1 C1,7.0,,,,,,,,matched
Norrander's,47.60568,-122.497408,129.9060616711695,True,0.0,0.0,0.0,P,24.0, , , ,A1 A2 B1 C1,7.0,0.0,0.0,0.0,0.631578947368421,0.3684210526315789,0.0,57.0,matched
North Beach,48.14372132,-122.7801511,91.55121286925018,True,0.0,0.0,0.0,SE,24.0, ,P, ,A1 B1 B2 B3 C1,9.0,0.0,0.21428571428571427,0.0,0.6428571428571429,0.14285714285714285,0.0,14.0,matched
North Wall Deception Pass,48.406304,-122.642183,28.80450027715076,True,,,,P,3.0, , , ,A1 B1,5.0,,,,,,,,matched
Northwest Island,48.41883,-122.67067,9.615943839174314,True,0.0,0.0,0.0,SE,9.0, ,P,P,A1 B1 C1,3.0,0.0,0.0,0.06976744186046512,0.9069767441860465,0.023255813953488372,0.0,43.0,matched
Octopus Hole,47.447568,-123.112392,128.78304248484193,True,2.867933671358839,43.0,0.2278481012658227,P,25.0,P, ,P,A1 B1 B2 C1,7.0,0.0,0.0,0.012658227848101266,0.8227848101265823,0.16455696202531644,0.0,79.0,matched
Olalla Boat Launch,47.421583,-122.541268,30.3242698362047,True,,,,SP,24.0,P, ,P,A1 B1 B2 C1,6.0,,,,,,,,matched
Old Tacoma Outboard Association,47.254728,-122.553391,126.22982469462276,True,,,,P,25.0,P,P, ,A1 B1 C1,7.0,,,,,,,,matched
Old Town Dock,47.276451,-122.46539,36.09734473974852,True,,,,SP,32.0, , ,P,A1 B1 B2 C1,4.0,,,,,,,,matched
O'Neal Island,48.604259,-123.09296,547.2991769585423,True,0.4411764705882353,4.0,0.1176470588235294,SP,9.0, , ,C,A1 B1 C1,4.0,0.0,0.0,0.0,1.0,0.0,0.0,17.0,matched
Orcas Island Eelgrass,48.592616,-122.910867,50.41062196025327,True,,,,P,30.0,C, , ,A1 A2 B1 C1,8.0,,,,,,,,matched
Owen Beach,47.313981,-122.528086,97.50799076445422,True,1.6,2.0,0.0666666666666666,SP,25.0, ,P, ,A1 B1 C1,6.0,0.0,0.0,0.0,0.0,1.0,0.0,15.0,matched
Partridge Point,48.225837,-122.771572,126.60434263106735,True,,,,SE,25.0, ,P,P,A1 A2 B1 B2 C1,9.0,,,,,,,,matched
Picnic Cove,48.564833,-122.923417,81.27654767103053,True,,,,P,19.0,P, ,C,A1 B1 C1,5.0,,,,,,,,matched
Pile Point,48.481855,-123.094404,17.96156247668951,True,0.0,0.0,0.0,SE,3.0, ,C,P,A1 B1 C1,3.0,0.0,0.0,0.12962962962962962,0.8703703703703703,0.0,0.0,54.0,matched
Pill Point Wall,48.910953,-125.354042,72979.99883876747,False,,,,,,,,,,,,,,,,,,outside_shorezone_extent
Pirate Cove,48.44247,-122.92797,52.22581222790608,True,,,,P,4.0, ,P,C,A1 B1 C1,5.0,,,,,,,,matched
Point Caution,48.56323,-123.02555,26.889295325173965,True,0.0,0.0,0.0,SP,4.0, ,P,C,A1 B1 C1,4.0,0.0,0.0,0.0,1.0,0.0,0.0,5.0,matched
Point Dalco,47.333038,-122.519207,86.06400331085993,True,0.0,0.0,0.0,SP,25.0, ,C, ,A1 B1 B2 C1,6.0,0.0,0.0,1.0,0.0,0.0,0.0,1.0,matched
Point Defiance Boathouse,47.307661,-122.51813,47.65867831253498,True,,,,SP,25.0, ,P, ,A1 B1 B2 C1,6.0,,,,,,,,matched
Point Defiance North Wall,47.319055,-122.544862,49.85300162195728,True,0.0,0.0,0.0,SP,25.0, , , ,A1 B1 B2 C1,6.0,0.0,0.0,0.0,0.5714285714285714,0.42857142857142855,0.0,7.0,matched
Point Defiance Wall,47.317385,-122.548164,48.96183426822737,True,,,,SP,25.0, , , ,A1 B1 B2 C1,6.0,,,,,,,,matched
Point Defiance West Kelp Beds,47.314675,-122.547696,96.65459074912044,True,0.0,0.0,0.0,SP,25.0, ,C,P,A1 B1 C1,6.0,0.0,0.0,1.0,0.0,0.0,0.0,4.0,matched
Point Defiance West Wall,47.318113,-122.549194,135.70103944294883,True,,,,SP,25.0, , , ,A1 B1 B2 C1,6.0,,,,,,,,matched
Point George,48.560418,-122.988549,19.24594138008852,True,0.0,0.0,0.0,P,4.0,P,P,P,A1 B1 C1,5.0,0.0,0.0,0.0,1.0,0.0,0.0,4.0,matched
Point Hudson,48.115774,-122.750321,8.889439827604237,True,0.6026785714285714,4.0,0.0714285714285714,VP,32.0, , ,P,A1 B1 C1,5.0,0.8571428571428571,0.07142857142857142,0.0,0.017857142857142856,0.05357142857142857,0.0,56.0,matched
Point Ruston,47.299244,-122.502268,46.34595251302506,True,0.0806451612903225,3.0,0.0161290322580645,SP,32.0, , ,P,A1 B1 C1,4.0,0.6129032258064516,0.0,0.0,0.24193548387096775,0.14516129032258066,0.0,62.0,matched
Point Ruston Ferry,47.296091,-122.499,14.323986954148127,True,,,,SP,32.0, , ,P,A1 B1 C1,4.0,,,,,,,,matched
Point Vashon,47.512553,-122.473981,168.25017486867574,True,,,,SP,24.0, ,P,P,A1 B1 B2 C1,6.0,,,,,,,,matched
Point Whitehorn,48.896331,-122.795095,239.56673072852348,True,,,,SP,24.0,C, ,P,A1 A2 B1 B2 C1,6.0,,,,,,,,matched
Point Whitney Shellfish Lab,47.763705,-122.853794,161.60821617779857,True,1.512605042016807,7.0,0.1176470588235294,P,28.0,P, ,P,A1 A2 B1 B2 C1,8.0,0.47058823529411764,0.0392156862745098,0.0,0.0,0.49019607843137253,0.0,51.0,matched
Possession Point Ferry,47.897,-122.393167,1014.91886072361,True,,,,SP,32.0,P, ,P,A1 B1 B2 C1,4.0,,,,,,,,matched
Possession Point Fingers,47.905306,-122.376914,96.82660954076891,True,0.0053981106612685,1.0,0.0040485829959514,P,24.0, , , ,A1 B1 C1,7.0,0.02834008097165992,0.0,0.0,0.8218623481781376,0.14979757085020243,0.0,247.0,matched
Pulali Point,47.761821,-122.849161,118.8178959565695,True,3.809523809523809,2.0,1.0,P,30.0,C, , ,A1 A2 A3 B1 C1,8.0,0.0,0.0,0.0,1.0,0.0,0.0,2.0,matched
Redondo Beach,47.34892,-122.325934,110.26986133650752,True,0.12,1.0,0.02,SP,24.0, , , ,A1 B1 B2 C1,6.0,0.44,0.0,0.0,0.0,0.56,0.0,50.0,matched
Reuben Tarte,48.612837,-123.097222,25.53550214733771,True,,,,SP,4.0, , ,P,A1 B1 C1,4.0,,,,,,,,matched
Rosario Beach Urchin Rocks,48.418732,-122.665668,133.80687822391403,True,0.0899550224887556,2.0,0.0344827586206896,SP,25.0, , , ,A1 A2 B1 C1,6.0,0.0,0.0,0.13793103448275862,0.7241379310344828,0.13793103448275862,0.0,58.0,matched
Rosario Beach Urchin Rocks North,48.420164,-122.668159,46.2658395681869,True,,,,SE,9.0, ,P,P,A1 B1 C1,3.0,,,,,,,,matched
Rosario Head,48.415477,-122.66477,18.104953843203788,True,0.0,0.0,0.0,SE,3.0, ,C,C,A1 B1 C1,3.0,0.0,0.0,0.3333333333333333,0.6666666666666666,0.0,0.0,6.0,matched
Rosario Wall,48.644098,-122.874995,29.875395299750267,True,,,,P,3.0, , ,P,A1 B1 C1,5.0,,,,,,,,matched
Rosie's Ravine,47.630199,-122.940635,206.4738722481222,True,9.333333333333334,5.0,1.0,P,3.0, , ,P,A1 B1 C1,5.0,0.0,0.0,0.0,1.0,0.0,0.0,3.0,matched
Ruston - Katie Downs,47.28192,-122.478441,61.795400287397776,True,,,,SP,32.0,P, ,P,A1 B1 C1,4.0,,,,,,,,matched
Salt Creek,48.168709,-123.711306,438.23507958738446,True,6.0,10.0,0.2,SE,9.0, ,C,P,A1 B1 B2 C1,3.0,0.0,0.0,0.6,0.4,0.0,0.0,10.0,matched
Saltar's Point,47.168723,-122.614394,98.90163997792428,True,,,,SP,25.0,P, , ,A1 B1 C1,9.0,,,,,,,,matched
Saltwater State Park,47.372727,-122.327878,233.94598854995704,True,0.0190718372536554,1.0,0.0082644628099173,SP,24.0, , , ,A1 B1 B2 C1,6.0,0.8099173553719008,0.05785123966942149,0.0,0.03305785123966942,0.09917355371900827,0.0,121.0,matched
Sares Head,48.423927,-122.675213,106.74392312015785,True,0.0,0.0,0.0,SE,3.0, ,C, ,A1 B1 C1,3.0,0.0,0.0,0.0,1.0,0.0,0.0,3.0,matched
Scenic Beach State Park,47.651043,-122.845563,58.89354537943272,True,13.193203189935216,75.0,0.7407407407407407,SP,28.0,P, ,P,A1 B1 B2 C1,9.0,0.0,0.9259259259259259,0.0,0.0,0.07407407407407407,0.0,27.0,matched
Seabeck Bay,47.64656,-122.826454,504.9717647116037,True,0.0,0.0,0.0,P,28.0,C, , ,A1 B1 B2 C1,8.0,0.0,1.0,0.0,0.0,0.0,0.0,1.0,matched
Seattle Waterfront,47.608873,-122.349157,221.4748405136232,True,,,,SP,32.0, ,P, ,A1 A2 B1 C1,4.0,,,,,,,,matched
Seddal Wall,48.873114,-125.249996,65047.477179354966,False,,,,,,,,,,,,,,,,,,outside_shorezone_extent
Sekiu,48.267835,-124.297926,94.29095449346828,True,2.999304495589063,59.0,0.3333333333333333,SP,32.0, ,P, ,A1 A2 B1 B2 C1,4.0,0.0,0.18333333333333332,0.5333333333333333,0.23333333333333334,0.05,0.0,60.0,matched
Shirttail Reef,48.5887,-123.021767,248.1050654228152,True,0.0,0.0,0.0,P,14.0,P, ,C,A1 B1 B2 C1,5.0,0.0,0.0,0.0,0.875,0.125,0.0,8.0,matched
Skyline,48.491072,-122.690203,37.50207989740521,True,0.0,0.0,0.0,SE,4.0, ,C,P,A1 B1 C1,3.0,0.0,0.08641975308641975,0.14814814814814814,0.7037037037037037,0.06172839506172839,0.0,81.0,matched
Smallpox Bay,48.541072,-123.161846,20.548617890958027,True,,,,SE,3.0, ,P,P,A1 B1 C1,3.0,,,,,,,,matched
Smith Island,48.317517,-122.849206,9442.475979568995,False,0.0,0.0,0.0,,,,,,,,0.0,0.0,0.6666666666666666,0.3333333333333333,0.0,0.0,6.0,beyond_max_dist
South Hat Island,48.003363,-122.301536,311.54210863844787,True,1.3793103448275863,2.0,0.6666666666666666,P,25.0,P, , ,A1 B1 C1,7.0,0.0,0.0,0.0,1.0,0.0,0.0,3.0,matched
Speiden Southwest,48.633214,-123.115547,31.614078653271548,True,,,,SP,4.0, ,C,C,A1 B1 C1,4.0,,,,,,,,matched
Squaxin Island,47.1676,-122.89592,142.7627060696128,True,,,,SP,30.0, ,P, ,A1 A2 B1 B2 C1,9.0,,,,,,,,matched
Steilacoom Marina,47.168357,-122.614171,72.08450964036646,True,,,,SP,25.0,P, , ,A1 B1 C1,9.0,,,,,,,,matched
Strawberry Falls,48.441679,-122.931917,67.97354730521887,True,0.0,0.0,0.0,SE,4.0, ,C,P,A1 B1 C1,3.0,0.0,0.0,0.0,1.0,0.0,0.0,4.0,matched
Sucia Island - Lawson's Bluff,48.76691,-122.918814,10.004199438819583,True,0.075187969924812,1.0,0.0175438596491228,SP,3.0, ,P,P,A1 B1 C1,4.0,0.0,0.0,0.08771929824561403,0.9122807017543859,0.0,0.0,57.0,matched
Sucia Island - Shallow Bay,48.762198,-122.917962,111.56957068109116,True,,,,P,5.0, , ,C,A1 B1 C1,5.0,,,,,,,,matched
Sund Rock,47.435212,-123.119796,39.51047160654079,True,3.724781167360253,66.0,0.2340425531914893,P,25.0, , ,P,A1 B1 C1,7.0,0.0425531914893617,0.0,0.0,0.7127659574468085,0.24468085106382978,0.0,94.0,matched
Sund Rock North,47.435963,-123.119565,58.21017821236342,True,1.7857142857142858,6.0,0.1428571428571428,P,25.0, , ,P,A1 B1 C1,7.0,0.07142857142857142,0.0,0.0,0.8214285714285714,0.10714285714285714,0.0,28.0,matched
Sund Rock South,47.434327,-123.119777,7.67618157406756,True,1.7411557215478783,16.0,0.2592592592592592,SP,3.0, , ,C,A1 B1 C1,4.0,0.0,0.0,0.0,0.9259259259259259,0.07407407407407407,0.0,27.0,matched
Sunnyside Beach Park,47.179051,-122.592,167.03805556601148,True,0.0,0.0,0.0,SP,27.0,P, , ,A1 A2 B1 B2 C1,9.0,0.49056603773584906,0.22641509433962265,0.0,0.0,0.2830188679245283,0.0,53.0,matched
Sunrise Beach State Park,47.349115,-122.555572,34.40261924893794,True,0.0,0.0,0.0,SP,25.0,P, , ,A1 B1 B2 B3 C1,6.0,0.0,0.0,0.0,0.7272727272727273,0.2727272727272727,0.0,22.0,matched
Tacoma Narrows,47.265961,-122.550229,445.9243487541139,True,0.0,0.0,0.0,P,25.0,P,P,P,A1 B1 C1,7.0,0.5,0.0,0.0,0.25,0.25,0.0,4.0,matched
Tacoma Narrows - Point Evans,47.283592,-122.547394,117.46970227945242,True,0.0,0.0,0.0,P,25.0, , , ,A1 A2 B1 C1,7.0,0.0,0.0,0.0,1.0,0.0,0.0,1.0,matched
The Pinnacle,47.721325,-122.88082,280.63468198355747,True,9.6,4.0,1.0,P,30.0,P, ,P,A1 A2 B1 C1,8.0,0.0,0.0,0.0,1.0,0.0,0.0,1.0,matched
Three Tree Point,47.45313,-122.378457,54.49490289091887,True,0.0,0.0,0.0,SP,25.0,P, , ,A1 B1 C1,6.0,0.5833333333333334,0.0,0.0,0.0,0.4166666666666667,0.0,24.0,matched
Three Tree Point North,47.45607,-122.376451,223.3657867377735,True,,,,SP,25.0,P, , ,A1 B1 C1,6.0,,,,,,,,matched
Tire Reef N Saltwater State Park,47.375459,-122.327986,251.9440229700812,True,,,,SP,24.0, , , ,A1 B1 B2 C1,6.0,,,,,,,,matched
Titlow Beach Park,47.247113,-122.554303,54.150826971109765,True,0.1028571428571428,3.0,0.02,P,25.0,P,P,P,A1 B1 B2 C1,8.0,0.0,0.06,0.02,0.16,0.76,0.0,50.0,matched
Triton Cove,47.605289,-122.981388,72.45477921263098,True,4.773838358149684,59.0,0.390625,SP,30.0, , ,P,A1 A2 B1 C1,9.0,0.0,0.03125,0.0,0.671875,0.296875,0.0,64.0,matched
Unknown Hornby Island Site 1,49.555586,-124.67968,129159.74164071523,False,,,,,,,,,,,,,,,,,,outside_shorezone_extent
Unknown Hornby Island Site 2,49.540619,-124.631455,127057.94835231671,False,,,,,,,,,,,,,,,,,,outside_shorezone_extent
Urchin Rocks South,48.41568,-122.663185,33.02140908135067,True,,,,SE,3.0, ,C,C,A1 B1 C1,3.0,,,,,,,,matched
Whale Rocks,48.434533,-122.934,583.5810452317571,True,,,,SE,4.0, ,P,C,A1 B1 C1,3.0,,,,,,,,matched
Whytecliff Park,49.371863,-123.292556,43655.44501252788,False,,,,,,,,,,,,,,,,,,outside_shorezone_extent
Widmer Reef,47.30651,-122.508343,37.33991164660228,True,,,,SP,32.0, , ,P,A1 B1 C1,4.0,,,,,,,,matched
Wing Point,47.61824554,-122.489575,326.64187816838773,True,,,,SP,21.0,P,C, ,A1 B1 B2 C1,4.0,,,,,,,,matched
Wreck of the Ranger,48.102921,-122.778725,202.31630099120625,True,0.9,3.0,0.05,P,32.0,P, , ,A1 B1 C1,5.0,0.65,0.25,0.0,0.0,0.1,0.0,20.0,matched
Yellow House,47.400139,-123.142453,21.984627026280958,True,,,,P,30.0,P, ,P,A1 A2 B1 C1,8.0,,,,,,,,matched
Young Island West,48.474,-122.691359,18.10989130431845,True,,,,SP,3.0, ,C,C,A1 B1 C1,4.0,,,,,,,,matched
Z's Reef,47.246737,-122.603261,114.84236416817936,True,0.0,0.0,0.0,P,25.0,P, , ,A1 B1 B2 C1,8.0,0.0,0.1,0.0,0.8,0.1,0.0,20.0,matched
Cattle Point,48.45148,-122.961402,48.4687197612552,True,,,,SE,1.0, ,C,P,A1 B1 C1,3.0,,,,,,,,matched
Dallas Banks,48.133602,-122.934924,324.47691414024115,True,,,,SE,25.0,C, , ,A1 B1 B2 B3 C1,9.0,,,,,,,,matched
Eagle Cove,48.459734,-123.033258,19.12552479231581,True,,,,SE,4.0, ,P,P,A1 B1 C1,3.0,,,,,,,,matched
Glen Acres,47.48005,-122.448455,126.81169793223148,True,,,,SP,24.0,C, , ,A1 B1 B2 B3 C1,6.0,,,,,,,,matched
Green Point,48.118525,-123.315716,560.9757653444516,True,,,,SE,25.0, ,P, ,A1 A2 B1 B2 B3 C1,9.0,,,,,,,,matched
Lawrence Point,48.66048,-122.741701,22.591164618646463,True,,,,SP,14.0, , ,P,A1 B1 C1,4.0,,,,,,,,matched
Lawrence Point,48.66048,-122.741701,22.591164618646463,True,,,,SP,14.0, ,C,P,A1 B1 C1,4.0,,,,,,,,matched
Lawrence Point,48.66048,-122.741701,22.591164618646463,True,,,,SP,3.0, , ,P,A1 B1 C1,4.0,,,,,,,,matched
Lawrence Point,48.66048,-122.741701,22.591164618646463,True,,,,SP,3.0, ,C,P,A1 B1 C1,4.0,,,,,,,,matched
Pulali Point West Wall,47.735708,-122.85479,47.49254237050565,True,3.6666666666666665,3.0,0.4,P,9.0, , ,P,A1 B1 C1,5.0,0.0,0.0,0.0,0.8,0.2,0.0,5.0,matched
Reef Point,48.536839,-122.718458,325.6143352410628,True,,,,SP,22.0, , , ,A1 B1 B2 C1,4.0,,,,,,,,matched
Salmon Beach,47.295776,-122.530768,8.558423500974929,True,,,,SP,25.0, ,P, ,A1 B1 B2 C1,6.0,,,,,,,,matched
Watmaugh Bay,48.431304,-122.803311,50.250833570647146,True,,,,SP,4.0, , ,C,A1 B1 B2 C1,4.0,,,,,,,,matched
Arsenic Wall,47.298857,-122.501594,53.26287596105772,True,,,,SP,32.0, , ,P,A1 B1 C1,4.0,,,,,,,,matched
Glen Ayr Ravine,47.419888,-123.129494,101.4933231669944,True,0.0,0.0,0.0,P,30.0,P, ,P,A1 A2 B1 C1,8.0,0.0,0.0,0.0,0.0,1.0,0.0,1.0,matched
Lowman Beach Park,47.540152,-122.397713,24.680225894961307,True,0.0,0.0,0.0,SP,24.0, , , ,A1 B1 C1,6.0,0.5714285714285714,0.14285714285714285,0.0,0.0,0.2857142857142857,0.0,7.0,matched
Cliff Island,48.590582,-123.011323,19.100185789615438,True,0.0,0.0,0.0,P,14.0,P, ,C,A1 B1 C1,5.0,0.0,0.0,0.0,1.0,0.0,0.0,12.0,matched
Maritime Pier,47.330031,-122.578165,74.05630403232016,True,,,,P,25.0, , ,P,A1 B1 C1,7.0,,,,,,,,matched
Deadman Island,48.458797,-122.943743,32.889378590069605,True,0.0,0.0,0.0,SP,3.0, ,C,P,A1 B1 C1,4.0,0.0,0.0,0.4444444444444444,0.5555555555555556,0.0,0.0,9.0,matched
7 Seas Dock,47.328434,-122.57666,30.698528223382787,True,,,,P,25.0, , ,P,A1 B1 C1,7.0,,,,,,,,matched
Anvil Island,49.515547,-123.295337,58988.72726121746,False,0.0,0.0,0.0,,,,,,,,0.0,0.0,0.0,0.8333333333333334,0.16666666666666666,0.0,12.0,outside_shorezone_extent
Bird Islet,49.36309,-123.291585,42714.4456804905,False,0.0737100737100737,1.0,0.027027027027027,,,,,,,,0.0,0.0,0.0,1.0,0.0,0.0,37.0,outside_shorezone_extent
Boeing Creek Reef,47.7496,-122.387231,378.7337903416524,True,,,,SP,28.0,C, , ,A1 B1 B2 B3 C1,9.0,,,,,,,,matched
Bowen,49.380682,-123.314916,45142.55174317474,False,,,,,,,,,,,,,,,,,,outside_shorezone_extent
Brigade,49.490065,-123.329092,56951.81628041977,False,0.0,0.0,0.0,,,,,,,,0.0,0.0,0.0,1.0,0.0,0.0,1.0,outside_shorezone_extent
Cherry Point,48.860126,-122.74981,197.13751964295355,True,0.0,0.0,0.0,SP,24.0,C, , ,A1 B1 B2 C1,6.0,0.0,0.0,0.0,0.0,1.0,0.0,3.0,matched
Christie Islet,49.499396,-123.301971,57380.88417944666,False,0.0,0.0,0.0,,,,,,,,0.0,0.0,0.0,1.0,0.0,0.0,13.0,outside_shorezone_extent
Clallam Bay West,48.256822,-124.275318,260.992215804167,True,,,,SE,10.0, , , ,A1 B1 B2 B3 C1,3.0,,,,,,,,matched
Collingwood Day Marker,49.346592,-123.434192,45747.02891113545,False,,,,,,,,,,,,,,,,,,outside_shorezone_extent
Dalco Wall,47.328714,-122.50081,239.59421560141357,True,,,,SP,24.0,P, , ,A1 A2 B1 B2 C1,6.0,,,,,,,,matched
Edmonds Underwater Park Fishing Pier,47.811302,-122.389332,34.558092826959616,True,,,,SP,32.0, ,P,C,A1 B1 C1,4.0,,,,,,,,matched
Elliot Bay Marina,47.627001,-122.391019,22.883874904675245,True,,,,SP,32.0, ,C,P,A1 B1 C1,4.0,,,,,,,,matched
Enchanted Forest,49.422304,-123.410877,52205.509648603256,False,0.0,0.0,0.0,,,,,,,,0.0,0.0,0.0,0.7428571428571429,0.0,0.2571428571428571,35.0,outside_shorezone_extent
Fox Island Bridge,47.277656,-122.649175,322.4615175404978,True,,,,P,30.0, , , ,A1 A2 B1 C1,8.0,,,,,,,,matched
Freeland Park,48.016187,-122.529818,67.06697499435712,True,8.677779380069389,176.0,0.6666666666666666,P,24.0,C, , ,A1 B1 B2 C1,7.0,0.0,0.24444444444444444,0.0,0.0,0.7555555555555555,0.0,90.0,matched
Grain Terminal,47.624131,-122.369154,21.78529427885381,True,,,,SP,32.0, , ,P,A1 B1 C1,4.0,,,,,,,,matched
Hat Island Sponge Garden,48.036862,-122.341154,1930.4841055826817,True,,,,P,30.0,P, , ,A1 A2 B1 C1,8.0,,,,,,,,matched
Hutt Island Day Marker,49.409738,-123.376047,49851.43642686106,False,,,,,,,,,,,,,,,,,,outside_shorezone_extent
Long Island Wall,48.442299,-122.931186,39.6250445361017,True,,,,SE,4.0, ,C,P,A1 B1 C1,3.0,,,,,,,,matched
Lower Elwha,48.13964,-123.585069,373.39006561782304,True,,,,SE,24.0,P,P, ,A1 B1 B2 B3 C1,9.0,,,,,,,,matched
North Wall Point Defiance,47.317497,-122.532098,124.4522764320786,True,,,,SP,25.0, ,P, ,A1 B1 B2 C1,6.0,,,,,,,,matched
Passage Island,49.346019,-123.304703,41288.55335967666,False,0.3296703296703296,2.0,0.0384615384615384,,,,,,,,0.0,0.0,0.0,0.9615384615384616,0.038461538461538464,0.0,26.0,outside_shorezone_extent
Richmond Beach,47.763867,-122.38792,79.79305248812815,True,,,,SP,25.0,P,P, ,A1 B1 B2 C1,9.0,,,,,,,,matched
Rock 305,47.95185,-124.6698,10.494980238959212,True,,,,E,3.0, , , ,B1 C1,2.0,,,,,,,,matched
Sirens of Spring,47.618148,-122.360893,34.616843778375014,True,,,,SP,32.0, ,P,C,A1 B1 C1,4.0,,,,,,,,matched
Tacoma Old Town Pier,47.277026,-122.466253,59.31857803245634,True,,,,SP,32.0, , ,P,A1 B1 B2 C1,4.0,,,,,,,,matched
Teahwhit Head,47.87103,-124.60768,30.51486455787618,True,,,,E,13.0, , ,P,A1 B1 B2 B3 C1,2.0,,,,,,,,matched
Thea's Park - Foss Waterway,47.253593,-122.432768,41.6611853836366,True,,,,VP,32.0, , , ,A1 B1 C1,5.0,,,,,,,,matched
Tongue Point,48.168347,-123.710969,395.5834246155844,True,,,,SE,9.0, ,C,P,A1 B1 B2 C1,3.0,,,,,,,,matched
Triton Head,47.604708,-122.980735,135.34260615580948,True,9.362787668258791,10.0,1.0,SP,30.0, , ,P,A1 A2 B1 C1,9.0,0.0,0.0,0.0,1.0,0.0,0.0,4.0,matched
Mike's Beach Resort,47.569882,-123.012899,57.65174181987235,True,6.0,3.0,1.0,P,30.0, , ,P,A1 A2 B1 C1,8.0,1.0,0.0,0.0,0.0,0.0,0.0,1.0,matched
